title,listing_type,url,rating,reviews,price
"Amazon Brand - Lifelong Cat Food - Paté with Salmon, 16 x 100g",,/gp/slredirect/picassoRedirect.html/ref=pa_sp_atf_aps_sr_pg1_1?ie=UTF8&adId=A0681722FD33QVCJ3D62&url=%2FAmazon-Brand-Lifelong-Food-Salmon%2Fdp%2FB08GD8T19C%2Fref%3Dsr_1_1_sspa%3Fkeywords%3Dcat%2Bfood%26qid%3D1660589953%26rdc%3D1%26sr%3D8-1-spons%26psc%3D1&qualifier=1660589953&id=5302433050078379&widgetName=sp_atf,4.2 out of 5 stars,"1,698",£6.14
"Purr & Miaow - Salmon & Herring Complete Dry Adult Cat Food, 1.5kg (Grain Free)",Sponsored,/gp/slredirect/picassoRedirect.html/ref=pa_sp_atf_aps_sr_pg1_1?ie=UTF8&adId=A00609792VX4R93I2WTSP&url=%2FPurr-Miaow-Complete-Grain-free-natural%2Fdp%2FB009LGTGZ4%2Fref%3Dsr_1_2_sspa%3Fkeywords%3Dcat%2Bfood%26qid%3D1660589953%26sr%3D8-2-spons%26psc%3D1&qualifier=1660589953&id=5302433050078379&widgetName=sp_atf,4.3 out of 5 stars,335,£9.99
Go-Cat Adult Dry Cat Food Chicken and Duck 10kg,Sponsored,/gp/slredirect/picassoRedirect.html/ref=pa_sp_atf_aps_sr_pg1_1?ie=UTF8&adId=A0841625BU6U6QB1IL9E&url=%2FPurina-Go-Cat-Adult-Chicken-Duck%2Fdp%2FB01AY03EGC%2Fref%3Dsr_1_3_sspa%3Fkeywords%3Dcat%2Bfood%26qid%3D1660589953%26rdc%3D1%26sr%3D8-3-spons%26psc%3D1&qualifier=1660589953&id=5302433050078379&widgetName=sp_atf,4.8 out of 5 stars,"13,241",
"Venandi Animal | Premium dry food for cats | Duck 4 x 1,5 kg | grain-free with lots of fresh meat, nature",Sponsored,/gp/slredirect/picassoRedirect.html/ref=pa_sp_atf_aps_sr_pg1_1?ie=UTF8&adId=A05296016VCY9VQOT563&url=%2FVenandi-Animal-Premium-grain-free-nature%2Fdp%2FB097YW26NW%2Fref%3Dsr_1_4_sspa%3Fkeywords%3Dcat%2Bfood%26qid%3D1660589953%26sr%3D8-4-spons%26psc%3D1&qualifier=1660589953&id=5302433050078379&widgetName=sp_atf,,,
Felix Original Mixed Selection In Jelly Cat Food 40x100g,,/Purina-Felix-Mixed-Selection-Jelly/dp/B06Y5VSDKN/ref=sr_1_5?keywords=cat+food&qid=1660589953&rdc=1&sr=8-5,4.7 out of 5 stars,"30,359",
Felix As Good As It Looks Cat Food Meat And Fish 120x100g,,/Felix-Looks-Pouches-Mixed-Jelly/dp/B01A6KBFXY/ref=sr_1_6?keywords=cat+food&qid=1660589953&rdc=1&sr=8-6,4.7 out of 5 stars,"5,884",
"Morrisons Meat & Poultry Senior Cat Food in Jelly, 12 x 100g",,/Morrisons-Meat-Poultry-Senior-Jelly/dp/B09QJ24S3N/ref=sr_1_7_f3_0o_morri?keywords=cat+food&qid=1660589953&sr=8-7,4.3 out of 5 stars,33,£3.30
Sheba Fine Flakes in Jelly – Poultry Collection – Wet cat food pouches for adult cats – (40 x 85 g),,/Sheba-Fine-Flakes-Jelly-Collection/dp/B074F37222/ref=sr_1_8?keywords=cat+food&qid=1660589953&sr=8-8,4.7 out of 5 stars,"12,182",
"Whiskas wet pouches, delicious and tasty poultry selection in jelly, suitable for adult cats aged 1+, megapack (84 x 100 g)",,/Whiskas-Pouches-Mixed-Selection-Jelly/dp/B07H11WXL4/ref=sr_1_9?keywords=cat+food&qid=1660589953&sr=8-9,4.7 out of 5 stars,"22,570",£31.50
"Gourmet Cat Food Perle Chef's Collection, 96 Pouches, 96 x 85 g",,/Gourmet-Perle-Chefs-Collection-Pouches/dp/B06XDLN8JY/ref=sr_1_10?keywords=cat+food&qid=1660589953&sr=8-10,4.7 out of 5 stars,"16,033",£49.79
Go-Cat Adult Dry Cat Food Chicken and Duck 10kg,,/Purina-Go-Cat-Adult-Chicken-Duck/dp/B01AY03EGC/ref=sr_1_11?keywords=cat+food&qid=1660589953&rdc=1&sr=8-11,4.8 out of 5 stars,"13,241",
Sheba Select Slices in Gravy – Poultry Selection – Wet cat food pouches for adult cats – megapack (72 x 85 g),,/Sheba-Select-Slices-Gravy-Selection/dp/B01JS4Y8NI/ref=sr_1_12?keywords=cat+food&qid=1660589953&sr=8-12,4.6 out of 5 stars,"7,591",
"Purina ONE Adult Cat Food Mini Fillets in Gravy 40 x 85g, Packaging may vary",,/Purina-ONE-Fillets-Gravy-Pouches/dp/B07QZYP7QH/ref=sr_1_13?keywords=cat+food&qid=1660589953&rdc=1&sr=8-13,4.7 out of 5 stars,"18,592",£17.00
"Whiskas 1+ Complete Dry Cat Food for Adult Cats, with Chicken, suitable for adult cats aged 1+, (1 x 7 kg)",,/Whiskas-Complete-Dry-Food-Chicken/dp/B018SQLXGC/ref=sr_1_14?keywords=cat+food&qid=1660589953&sr=8-14,4.8 out of 5 stars,"6,995",
"Whiskas Wet Cat Food for adult cats aged 1+, fish selection in jelly, (40 x 100 g)",,/Whiskas-Plus-Pouches-Selection-Jelly/dp/B014PCZ0QM/ref=sr_1_15_f3_0o_fs?keywords=cat+food&qid=1660589953&sr=8-15,4.8 out of 5 stars,798,£13.49
"Encore 100% Natural Wet Cat Food, Chicken Breast in Broth Can, 70g (Pack of 16)",,/Encore-Chicken-Breast-Food-pack/dp/B01N4FK4M6/ref=sr_1_16?keywords=cat+food&qid=1660589953&sr=8-16,4.6 out of 5 stars,"2,218",
"Amazon Brand - Lifelong Complete Food for Adult Cats Meat In Gravy Selection, 4.8 kg (48 pouches x 100g)",,/gp/slredirect/picassoRedirect.html/ref=pa_sp_mtf_aps_sr_pg1_1?ie=UTF8&adId=A03009661LWKJX2C7PRRM&url=%2FAmazon-Brand-Lifelong-Complete-Selection%2Fdp%2FB09588B9FK%2Fref%3Dsr_1_17_sspa%3Fkeywords%3Dcat%2Bfood%26qid%3D1660589953%26sr%3D8-17-spons%26psc%3D1&qualifier=1660589953&id=5302433050078379&widgetName=sp_mtf,4.1 out of 5 stars,"19,603",£19.23
"Gourmet Perle Ocean Delicacies in Gravy, 96 Pouches, 96 x 85 g",Sponsored,/gp/slredirect/picassoRedirect.html/ref=pa_sp_mtf_aps_sr_pg1_1?ie=UTF8&adId=A03946042Y9MVAZA8JVY3&url=%2FGourmet-Perle-Ocean-Delicacies-Gravy%2Fdp%2FB06XDP19VG%2Fref%3Dsr_1_18_sspa%3Fkeywords%3Dcat%2Bfood%26qid%3D1660589953%26rdc%3D1%26sr%3D8-18-spons%26psc%3D1&qualifier=1660589953&id=5302433050078379&widgetName=sp_mtf,4.7 out of 5 stars,"16,033",
Felix As Good As It Looks Cat Food Fish 80 x 100g (80 Pouches),,/Felix-Good-Looks-Food-Pouches/dp/B06W9LTM2J/ref=sr_1_19?keywords=cat+food&qid=1660589953&sr=8-19,4.6 out of 5 stars,343,
"IAMS for Vitality dry cat food with chicken - dry food for cats aged 1-6 years, 3kg",,/Iams-Vitality-Fresh-Chicken-Adult/dp/B00KVGRZ6A/ref=sr_1_20?keywords=cat+food&qid=1660589953&rdc=1&sr=8-20,4.7 out of 5 stars,"8,051",
Applaws 100% Natural Wet Cat Food Chicken Breast Selection in Broth (Pack of 12 x 70g Tins),,/Applaws-Natural-Multipack-Chicken-Selection/dp/B017NJ248Q/ref=sr_1_21?keywords=cat+food&qid=1660589953&sr=8-21,4.5 out of 5 stars,"3,820",£12.65
"Purina One Coat and Hairball Adult Dry Cat Food Rich in Chicken and Whole Grains, 800g",,/Purina-Hairball-Adult-Chicken-Grains/dp/B017UMTFJM/ref=sr_1_22_f3_0o_morri?keywords=cat+food&qid=1660589953&sr=8-22,4.6 out of 5 stars,112,
Purina ONE Adult Dry Cat Food Chicken and Wholegrains 6kg,,/Purina-ONE-Food-Chicken-Wholegrains/dp/B00VUMWTT2/ref=sr_1_23?keywords=cat+food&qid=1660589953&rdc=1&sr=8-23,4.8 out of 5 stars,"6,139",
"Whiskas Poultry in Jelly Wet Senior 7+ Cat Food Pouches, 40 x 100g",,/WHISKAS-Years-Poultry-Selection-Jelly/dp/B01KCFQUP6/ref=sr_1_24?keywords=cat+food&qid=1660589953&sr=8-24,4.7 out of 5 stars,750,£14.50
"Purina Gourmet Gold Cat Food Savoury Cake, Meat and Fish, 8 x 85g",,/Gourmet-Gold-Food-Tins-Savoury/dp/B07NLCSSKB/ref=sr_1_25_f3_0o_morri?keywords=cat+food&qid=1660589953&sr=8-25,4.6 out of 5 stars,245,
Felix Original Mixed Selection in Jelly Cat Food 120x100g,,/Felix-Standard-Cat-Food-Pouches/dp/B06W57X25S/ref=sr_1_26?keywords=cat+food&qid=1660589953&sr=8-26,4.7 out of 5 stars,"5,350",
"IAMS Delights Wet Food Land for Adult Cats, 48 x 85g",,/Iams-Delights-Land-Collection-Sauce/dp/B016Y4L4OG/ref=sr_1_27_f3_0o_fs?keywords=cat+food&qid=1660589953&sr=8-27,4.4 out of 5 stars,"1,633",
"Whiskas Wet cat food pouches, delicious and tasty poultry selection in jelly, suitable for adult cats aged 1+, (40 x 100 g)",,/Whiskas-Years-Pouches-Poultry-Selection/dp/B00N99FA5O/ref=sr_1_28_f3_0o_morri?keywords=cat+food&qid=1660589953&sr=8-28,4.7 out of 5 stars,"3,677",£14.65
Whiskas 7+ - Wet Cat Food for Senior Cats - Poultry Selection in Jelly - 40 x 100g,,/Whiskas-Senior-Poultry-Selection-Pouches/dp/B01H1R0RT8/ref=sr_1_29_f3_0o_fs?keywords=cat+food&qid=1660589953&sr=8-29,4.7 out of 5 stars,543,
"Felix As Good As It Looks Cat Food Meat Selection, 12 x 100g",,/Felix-Chicken-Pork-Duck-12x100g/dp/B00SKMLCRU/ref=sr_1_30_f3_0o_fs?keywords=cat+food&qid=1660589953&sr=8-30,4.7 out of 5 stars,524,
"Venandi Animal | Premium dry food for cats | Duck 0,3 kg | grain-free with lots of fresh meat, nature",Sponsored,/gp/slredirect/picassoRedirect.html/ref=pa_sp_mtf_aps_sr_pg1_1?ie=UTF8&adId=A10428663EXPYHNNS531W&url=%2FVenandi-Animal-Premium-grain-free-nature%2Fdp%2FB097Z2GGFK%2Fref%3Dsr_1_31_sspa%3Fkeywords%3Dcat%2Bfood%26qid%3D1660589953%26sr%3D8-31-spons%26psc%3D1&qualifier=1660589953&id=5302433050078379&widgetName=sp_mtf,4.2 out of 5 stars,53,£5.02
Lily's Kitchen Tasty Cuts with Chicken - Grain Free Adult Wet Cat Food (24 Tins x 85 g),Sponsored,/gp/slredirect/picassoRedirect.html/ref=pa_sp_mtf_aps_sr_pg1_1?ie=UTF8&adId=A0796474SV2VFM04EIXO&url=%2FLilys-Kitchen-Tasty-Cuts-Chicken%2Fdp%2FB08TJ5FCKC%2Fref%3Dsr_1_32_sspa%3Fkeywords%3Dcat%2Bfood%26qid%3D1660589953%26rdc%3D1%26sr%3D8-32-spons%26psc%3D1&qualifier=1660589953&id=5302433050078379&widgetName=sp_mtf,3.9 out of 5 stars,212,£25.20
Lily's Kitchen Shredded Fillets Multipack - Grain Free Adult Wet Cat Food (4 Packs x 8 Tins x 70 g),Sponsored,/gp/slredirect/picassoRedirect.html/ref=pa_sp_mtf_aps_sr_pg1_1?ie=UTF8&adId=A0796910WN5QYP7DQ63E&url=%2FLilys-Kitchen-Shredded-Fillets-Multipack%2Fdp%2FB08TJ3V2N4%2Fref%3Dsr_1_33_sspa%3Fkeywords%3Dcat%2Bfood%26qid%3D1660589953%26rdc%3D1%26sr%3D8-33-spons%26psc%3D1&qualifier=1660589953&id=5302433050078379&widgetName=sp_mtf,4.4 out of 5 stars,61,£38.36
"Lily's Kitchen Smooth Chicken and Cod with Salmon Paté Complete Kitten Food 19 x 85g, Green",Sponsored,/gp/slredirect/picassoRedirect.html/ref=pa_sp_mtf_aps_sr_pg1_1?ie=UTF8&adId=A07967861X6VB98XJSOXI&url=%2FLilys-Kitchen-Smooth-Chicken-Complete%2Fdp%2FB09RMTD9HH%2Fref%3Dsr_1_34_sspa%3Fkeywords%3Dcat%2Bfood%26qid%3D1660589953%26rdc%3D1%26sr%3D8-34-spons%26psc%3D1&qualifier=1660589953&id=5302433050078379&widgetName=sp_mtf,4.6 out of 5 stars,15,£15.99
"Whiskas 1+ Dry Cat Food with Tuna, 2kg",,/Whiskas-Dry-Cat-Food-Tuna/dp/B00366WOE0/ref=sr_1_35_f3_0o_morri?keywords=cat+food&qid=1660589953&sr=8-35,4.8 out of 5 stars,444,
"Morrisons Senior Cat Food Chicken Pate, 100 g",,/Morrisons-Senior-Food-Chicken-Pate/dp/B08K47LXKN/ref=sr_1_36_f3_0o_morri?keywords=cat+food&qid=1660589953&sr=8-36,4.2 out of 5 stars,42,£0.45
"Morrisons Complete Adult Cat Food with Chicken and Vegetables, 1kg",,/Morrisons-Complete-Adult-Chicken-Vegetables/dp/B01F02DSBU/ref=sr_1_37_f3_0o_morri?keywords=cat+food&qid=1660589953&sr=8-37,4.4 out of 5 stars,307,£1.60
"Morrisons Adult Cat Fine Cuts in Jelly Ocean's Catch Pouches, 12 x 100g",,/Morrisons-Adult-Jelly-Oceans-Pouches/dp/B07GJRBF7C/ref=sr_1_38_f3_0o_morri?keywords=cat+food&qid=1660589953&sr=8-38,4.4 out of 5 stars,314,£3.30
"Morrisons Fine Cuts in Jelly Meaty Feast Adult, 1200 g",,/Morrisons-Jelly-Meaty-Feast-Adult/dp/B07GJM5JNL/ref=sr_1_39_f3_0o_morri?keywords=cat+food&qid=1660589953&sr=8-39,4.4 out of 5 stars,207,£3.30
"Morrisons Meat Selection in Gravy, 1200 g",,/Morrisons-Meat-Selection-Gravy-1200/dp/B01MD168WN/ref=sr_1_40_f3_0o_morri?keywords=cat+food&qid=1660589953&sr=8-40,4.3 out of 5 stars,148,£3.30
"Gourmet Gold Chunks with Chicken and Liver in Gravy, 85 g",,/Gourmet-Chunks-Chicken-Liver-Gravy/dp/B01GCCWX9K/ref=sr_1_41_f3_0o_morri?keywords=cat+food&qid=1660589953&sr=8-41,4.3 out of 5 stars,29,£0.65
"Whiskas Complete & Balanced Cat Pouches, 40 x 100g",,/Whiskas-Plus-Pouches-Selection-Jelly/dp/B00VV8QKEU/ref=sr_1_42_f3_0o_morri?keywords=cat+food&qid=1660589953&sr=8-42,4.7 out of 5 stars,"1,118",
Gourmet Perle Chef's Selection Pouch 12x85g,,/Gourmet-Perle-Chef-Collection-4x12x85g/dp/B00ZAVB99U/ref=sr_1_43_f3_0o_morri?keywords=cat+food&qid=1660589953&sr=8-43,4.5 out of 5 stars,117,£5.35
Whiskas 1+ - Pouch Mega Pack - Wet Cat Food for Adult Cats - Fish and Meaty Selection in Jelly - 40x 100g,,/Whiskas-Adult-Meaty-Selection-Pouches/dp/B072JFSJ83/ref=sr_1_44_f3_0o_fs?keywords=cat+food&qid=1660589953&sr=8-44,4.7 out of 5 stars,542,
"Iams Delights Wet Meat and Fish in Jelly for Cats, 12 x 85 g (Packaging may vary)",,/IAMS-Delights-Meat-Fish-Jelly/dp/B016Y4KXD4/ref=sr_1_45?keywords=cat+food&qid=1660589953&sr=8-45,4.4 out of 5 stars,"1,178",
"IAMS Delights Wet Food Land & Sea Collection for Adult Cats with Meat and Fish in Jelly, 48 x 85g",,/IAMS-Delights-Food-Collection-Jelly/dp/B016Y4KYH4/ref=sr_1_46?keywords=cat+food&qid=1660589953&sr=8-46,4.5 out of 5 stars,"2,080",
"Applaws 100% Natural Wet Cat Food in Broth for Adult Cats, Chicken and Tuna Mixed Selection (Pack of 12 x 70g Tins)",,/Applaws-100-Natural-Multipack-Mixed12/dp/B017NJ2CMO/ref=sr_1_47?keywords=cat+food&qid=1660589953&sr=8-47,4.6 out of 5 stars,"2,331",
"Morrisons Complete Chicken & Veg Dry Cat Food, 2kg",,/Morrisons-Complete-Chicken-Veg-Food/dp/B09D8MSNDJ/ref=sr_1_48_f3_0o_morri?keywords=cat+food&qid=1660589953&sr=8-48,4.3 out of 5 stars,91,£3.05
"Go-Cat with Tuna, Herring & with Vegetables",,/Go-Cat-Tuna-Herring-Vegetables/dp/B09SDHYVYW/ref=sr_1_49_f3_0o_morri?keywords=cat+food&qid=1660589953&sr=8-49,4.8 out of 5 stars,11,£1.30
"Arden Grange Adult Dry Cat Food, Fresh Chicken & Potato, 4kg",,/Arden-Grange-Adult-Complete-Chicken/dp/B00CIP5OE2/ref=sr_1_50?keywords=cat+food&qid=1660589953&sr=8-50,4.5 out of 5 stars,"1,560",
"Breederpack Complete Crunchy Dry Cat Food, 15 kg",,/Breederpack-Complete-Crunchy-Dry-Food/dp/B0037XXJ6E/ref=sr_1_51?keywords=cat+food&qid=1660589953&sr=8-51,4.5 out of 5 stars,"1,055",
"Morrisons Premium Adult Cat Pouch Chicken In Jelly,12 x 85g",,/Morrisons-Premium-Adult-Pouch-Chicken/dp/B08566GN6F/ref=sr_1_52_f3_0o_morri?keywords=cat+food&qid=1660589953&sr=8-52,3.9 out of 5 stars,46,£4.00
ROYAL CANIN British Shorthair Cat Food 4kg,,/Royal-Canin-British-Shorthair-Food/dp/B00NE4D0EC/ref=sr_1_53?keywords=cat+food&qid=1660589953&sr=8-53,4.8 out of 5 stars,214,£38.00
Morrisons Complete Trout Cat Food,,/Morrisons-Complete-Trout-Cat-Food/dp/B09QJ1KVKD/ref=sr_1_54_f3_0o_morri?keywords=cat+food&qid=1660589953&sr=8-54,4.3 out of 5 stars,5,£1.50
PRO PLAN VETERINARY DIETS OM Obesity Management Dry Cat Food 5kg,,/VETERINARY-DIETS-Feline-Obesity-Management/dp/B015NXJOQO/ref=sr_1_55?keywords=cat+food&qid=1660589953&rdc=1&sr=8-55,4.6 out of 5 stars,"4,984",£45.99
"Wellness CORE Sterilised Ocean, Dry Cat Food, Cat Food Dry for Sterilised Cats, Grain Free, High Meat Content, Salmon & Tuna, 1.75 kg",,/Wellness-CORE-Grain-Free-Sterilised-Salmon/dp/B01MRB9ITB/ref=sr_1_56?keywords=cat+food&qid=1660589953&sr=8-56,4.5 out of 5 stars,956,
Applaws 100% Natural Wet Cat Food 70g Tuna Fillet 24 x 70g Tins,,/Applaws-100-Natural-Food-Fillet/dp/B004VRM3B2/ref=sr_1_57?keywords=cat+food&qid=1660589953&sr=8-57,4.6 out of 5 stars,"1,261",
"IAMS for Vitality Senior dry cat food with chicken - dry food for senior cats from 7 years of age, 10kg",,/Vitality-Senior-Fresh-Chicken-Older/dp/B000VJU4V0/ref=sr_1_58?keywords=cat+food&qid=1660589953&rdc=1&sr=8-58,4.7 out of 5 stars,"3,077",£30.99
"Amazon Brand - Lifelong grainfree wet food for adult cats - Chicken,duck ,turkey and beef in jelly Selection, 4.76 kg (56 pouches x 85g)",,/gp/slredirect/picassoRedirect.html/ref=pa_sp_btf_aps_sr_pg1_1?ie=UTF8&adId=A01705001QOQGLIJ0ZQZV&url=%2FAmazon-Brand-Lifelong-grainfree-Selection%2Fdp%2FB09587STPT%2Fref%3Dsr_1_59_sspa%3Fkeywords%3Dcat%2Bfood%26qid%3D1660589953%26sr%3D8-59-spons%26psc%3D1&qualifier=1660589953&id=5302433050078379&widgetName=sp_btf,4.0 out of 5 stars,"5,520",£20.48
FENES 12 Packs Perle Cat Food with 6 X Chicken and 6 X Beef - Chef's Collection Mini Fillets in Gravy Pouches - 85gm – Plus Adults,Sponsored,/gp/slredirect/picassoRedirect.html/ref=pa_sp_btf_aps_sr_pg1_1?ie=UTF8&adId=A08672652568SEM8H2REA&url=%2FFENES-Packs-Perle-Food-Chicken%2Fdp%2FB09Z9L1JCX%2Fref%3Dsr_1_60_sspa%3Fkeywords%3Dcat%2Bfood%26qid%3D1660589953%26sr%3D8-60-spons%26psc%3D1&qualifier=1660589953&id=5302433050078379&widgetName=sp_btf,,,£19.99
"Pooch & Mutt - Health & Digestion, Complete Dry Dog Food (Grain Free), Salmon and Sweet Potato, 10kg",Sponsored,/gp/slredirect/picassoRedirect.html/ref=pa_sp_atf_aps_sr_pg1_1?ie=UTF8&adId=A00223191FL0OIGJHF5JC&url=%2FPooch-Mutt-Complete-Digestion-Natural%2Fdp%2FB009P2ZDFG%2Fref%3Dsr_1_1_sspa%3Fkeywords%3Ddog%2Bfood%26qid%3D1660589953%26sr%3D8-1-spons%26psc%3D1&qualifier=1660589953&id=5801287720741961&widgetName=sp_atf,4.7 out of 5 stars,366,
"Pooch & Mutt - Complete Adult Dry Dog Food (Grain Free), Superfood Blend, 1.5kg",Sponsored,/gp/slredirect/picassoRedirect.html/ref=pa_sp_atf_aps_sr_pg1_1?ie=UTF8&adId=A101611034TQSX645PCD4&url=%2FPooch-Mutt-Complete-Adult-Superfood%2Fdp%2FB009IK5GXY%2Fref%3Dsr_1_2_sspa%3Fkeywords%3Ddog%2Bfood%26qid%3D1660589953%26sr%3D8-2-spons%26psc%3D1&qualifier=1660589953&id=5801287720741961&widgetName=sp_atf,4.5 out of 5 stars,138,
"Pooch & Mutt - Complete Small Dog Dry Dog Food (Grain Free), Chicken & Superfood Blend, 7.5kg",Sponsored,/gp/slredirect/picassoRedirect.html/ref=pa_sp_atf_aps_sr_pg1_1?ie=UTF8&adId=A03264752ZZ6IC1QU5C40&url=%2FPooch-Mutt-Complete-Natural-Superfood%2Fdp%2FB009LGT9K6%2Fref%3Dsr_1_3_sspa%3Fkeywords%3Ddog%2Bfood%26qid%3D1660589953%26sr%3D8-3-spons%26psc%3D1&qualifier=1660589953&id=5801287720741961&widgetName=sp_atf,4.7 out of 5 stars,92,£33.49
"Pooch & Mutt - Complete Small Dry Dog Food (Grain Free), Superfood Blend, 1.5kg",Sponsored,/gp/slredirect/picassoRedirect.html/ref=pa_sp_atf_aps_sr_pg1_1?ie=UTF8&adId=A017697925107DT8IRYDL&url=%2FPooch-Mutt-Complete-Small-Superfood%2Fdp%2FB009IK5HLU%2Fref%3Dsr_1_4_sspa%3Fkeywords%3Ddog%2Bfood%26qid%3D1660589953%26sr%3D8-4-spons%26psc%3D1&qualifier=1660589953&id=5801287720741961&widgetName=sp_atf,4.6 out of 5 stars,160,
"Morrisons Dog Food Meat Chunks In Jelly, 6 x 400 g",,/Morrisons-Food-Meat-Chunks-Jelly/dp/B08HLFWD3N/ref=sr_1_5_f3_0o_morri?keywords=dog+food&qid=1660589953&sr=8-5,4.4 out of 5 stars,17,£4.31
"Morrisons Dog Food Meat Chunks In Gravy, 12 x 400 g",,/Morrisons-Food-Meat-Chunks-Gravy/dp/B08VPC4Z64/ref=sr_1_6_f3_0o_morri?keywords=dog+food&qid=1660589953&sr=8-6,4.5 out of 5 stars,61,£8.75
Morrisons Dog Food Meat Loaf 12 x 400 g,,/Morrisons-Dog-Food-Meat-Loaf/dp/B091C5RMRY/ref=sr_1_7_f3_0o_morri?keywords=dog+food&qid=1660589953&sr=8-7,4.4 out of 5 stars,66,£8.75
Morrisons Adult Dog Complete Food with Beef and Country Vegetables 3kg,,/Morrisons-Adult-Complete-Country-Vegetables/dp/B07VNT8S4G/ref=sr_1_8_f3_0o_morri?keywords=dog+food&qid=1660589953&sr=8-8,4.5 out of 5 stars,95,£4.30
"Morrisons Senior Dog Food Meat Chunks In Jelly, 6 x 400 g",,/Morrisons-Senior-Food-Chunks-Jelly/dp/B08HHQZN2Y/ref=sr_1_9_f3_0o_morri?keywords=dog+food&qid=1660589953&sr=8-9,4.5 out of 5 stars,68,£4.31
Harringtons Complete Dry Dog Food Lamb & Rice 12kg - Made with All Natural Ingredients,,/Harringtons-Complete-food-Lamb-Rice/dp/B08VQ7TDK9/ref=sr_1_10?keywords=dog+food&qid=1660589953&sr=8-10,4.6 out of 5 stars,"11,182",
Morrisons Worker Dog Food Meat Chunks In Gravy 24 x 400 g,,/Morrisons-Worker-Food-Chunks-Gravy/dp/B091BX6WKF/ref=sr_1_11_f3_0o_morri?keywords=dog+food&qid=1660589953&sr=8-11,4.6 out of 5 stars,62,
Morrisons Dog Food Meat Chunks In Gravy 24 x 400 g,,/Morrisons-Food-Meat-Chunks-Gravy/dp/B08R1S4XYW/ref=sr_1_12_f3_0o_morri?keywords=dog+food&qid=1660589953&sr=8-12,4.4 out of 5 stars,42,£16.25
Morrisons Mixed Dog Food In Gravy 40 x 100 g,,/Morrisons-Mixed-Dog-Food-Gravy/dp/B091C67167/ref=sr_1_13_f3_0o_morri?keywords=dog+food&qid=1660589953&sr=8-13,5.0 out of 5 stars,4,£9.98
Winalot Perfect Portions Dog Food Mixed in Gravy 80 x 100 g,,/Winalot-Perfect-Portions-Food-Gravy/dp/B07MBBFSFH/ref=sr_1_14?keywords=dog+food&qid=1660589953&rdc=1&sr=8-14,4.7 out of 5 stars,"6,280",
Wagg Complete Kennel Chicken Dry Dog Food 15kg,,/Wagg-Chicken-Kennel-Complete-Food/dp/B00EMMHNMU/ref=sr_1_15?keywords=dog+food&qid=1660589953&rdc=1&sr=8-15,4.6 out of 5 stars,"6,050",
"Morrisons Dog Food Meat Chunks In Gravy, 2.4 g",,/Morrisons-Food-Meat-Chunks-Gravy/dp/B08KPXMNH7/ref=sr_1_16_f3_0o_morri?keywords=dog+food&qid=1660589953&sr=8-16,4.3 out of 5 stars,39,£4.31
"Amazon Brand - Lifelong - Complete Dry Dog Food with Salmon and Rice for Medium and Large Breeds, 5kg x 1 Pack",,/gp/slredirect/picassoRedirect.html/ref=pa_sp_mtf_aps_sr_pg1_1?ie=UTF8&adId=A09492062I6HT9AUCKEGY&url=%2FAmazon-Brand-Lifelong-Complete-Salmon%2Fdp%2FB07HXHPB9R%2Fref%3Dsr_1_17_sspa%3Fkeywords%3Ddog%2Bfood%26qid%3D1660589953%26rdc%3D1%26sr%3D8-17-spons%26psc%3D1&qualifier=1660589953&id=5801287720741961&widgetName=sp_mtf,4.4 out of 5 stars,"1,822",£14.64
"James Wellbeloved Complete Hypoallergenic Adult Dry Dog Food Made With 100% Natural Ingredients and One Source of Animal Protein (Turkey) and Vegetables, Grain-Free, 1.5 kg",Sponsored,/gp/slredirect/picassoRedirect.html/ref=pa_sp_mtf_aps_sr_pg1_1?ie=UTF8&adId=A0962144ZI4TED0NQGS8&url=%2FJames-Wellbeloved-Complete-Turkey-Vegetable%2Fdp%2FB003670QA8%2Fref%3Dsr_1_18_sspa%3Fkeywords%3Ddog%2Bfood%26qid%3D1660589953%26rdc%3D1%26sr%3D8-18-spons%26psc%3D1&qualifier=1660589953&id=5801287720741961&widgetName=sp_mtf,4.6 out of 5 stars,"1,363",
"Arden Grange Adult Large Breed Dry Dog Food with Fresh Chicken and Rice, 12 kg",,/Arden-Grange-Adult-Large-Chicken/dp/B009GDY8UU/ref=sr_1_19?keywords=dog+food&qid=1660589953&sr=8-19,4.7 out of 5 stars,"1,868",
Crave Dry Dog Food with Lamb & Beef – High protein & grain-free – Pack of 3 (3 x 2.8 kg),Sponsored,/gp/slredirect/picassoRedirect.html/ref=pa_sp_mtf_aps_sr_pg1_1?ie=UTF8&adId=A05024683BZQONGX74FGV&url=%2FCrave-High-Protein-Grain-Free-Food%2Fdp%2FB07P19RHHL%2Fref%3Dsr_1_20_sspa%3Fkeywords%3Ddog%2Bfood%26qid%3D1660589953%26sr%3D8-20-spons%26psc%3D1&qualifier=1660589953&id=5801287720741961&widgetName=sp_mtf,4.7 out of 5 stars,"1,832",£33.00
"Arden Grange Adult Dry Dog Food Chicken and Rice, 12 kg",,/Arden-Grange-Adult-Complete-Chicken/dp/B009GDY4OU/ref=sr_1_21?keywords=dog+food&qid=1660589953&sr=8-21,4.7 out of 5 stars,"4,094",
Harringtons Complete Grain Free Hypoallergenic Turkey & Sweet Potato Dry Dog Food 15kg - Made with All Natural Ingredients,,/Harringtons-Grain-Hypoallergenic-Turkey-Potato/dp/B07KFXGHL7/ref=sr_1_22?keywords=dog+food&qid=1660589953&rdc=1&sr=8-22,4.6 out of 5 stars,"3,532",
"Country Values Complete Dry Dog Food, 15kg",,/Country-Value-Chicken-Complete-Food/dp/B003TL45H6/ref=sr_1_23?keywords=dog+food&qid=1660589953&sr=8-23,4.4 out of 5 stars,365,£15.99
PRO PLAN VETERINARY DIETS HA Hypoallergenic Dry Dog Food 11kg,,/PLAN-VETERINARY-DIETS-Canine-Hypoallergenic/dp/B013U97VG8/ref=sr_1_24?keywords=dog+food&qid=1660589953&sr=8-24,4.6 out of 5 stars,"5,179",£55.99
Burgess Supadog Adult dry dog food with tasty chicken 15 kg,,/Burgess-Food-British-Chicken-Adult/dp/B0030U7GBS/ref=sr_1_25?keywords=dog+food&qid=1660589953&sr=8-25,4.6 out of 5 stars,"1,261",
Lily's Kitchen Chicken and Duck Countryside Casserole Natural Grain Free Complete Adult Dry Dog Food (12 kg),,/Lilys-Kitchen-Adult-Chicken-Complete/dp/B0757S3C3S/ref=sr_1_26?keywords=dog+food&qid=1660589953&rdc=1&sr=8-26,4.6 out of 5 stars,"3,005",
Wagg Complete Wheat Free Chicken Dry Dog Food 12kg,,/Wagg-Complete-Sensitive-Wheat-Chicken/dp/B07KFXGKXW/ref=sr_1_27?keywords=dog+food&qid=1660589953&rdc=1&sr=8-27,4.6 out of 5 stars,"1,592",
"Bakers Adult Dry Dog Food Beef and Veg 14 kg, Packaging May Vary",,/Bakers-Adult-Food-Beef-14kg/dp/B002SPRZQW/ref=sr_1_28?keywords=dog+food&qid=1660589953&rdc=1&sr=8-28,4.7 out of 5 stars,"9,608",
"IAMS for Vitality Small/Medium Breed Adult Dry Dog Food with Fresh Chicken, 12 kg (Packaging may vary)",,/IAMS-Vitality-Adult-Medium-Chicken/dp/B00BTG9NPM/ref=sr_1_29?keywords=dog+food&qid=1660589953&rdc=1&sr=8-29,4.7 out of 5 stars,"4,250",
"Pedigree Wet Dog Food Pouches Adult Mixed Selection in Gravy, megapack (84 x 100 g)",,/Pedigree-Adult-Mixed-Selection-Pouches/dp/B01M0ASYQE/ref=sr_1_30?keywords=dog+food&qid=1660589953&sr=8-30,4.7 out of 5 stars,"8,295",£28.02
"Morrisons Dog Food Chicken Pate, 150 g",,/Morrisons-Dog-Food-Chicken-Pate/dp/B08KPXS82D/ref=sr_1_31_f3_0o_morri?keywords=dog+food&qid=1660589953&sr=8-31,4.2 out of 5 stars,22,£0.45
"Butcher's Recipes in Gravy Dog Food Tins, 2 x 12 x 400g",,/Butchers-Recipes-Gravy-Food-Tins/dp/B07NKVJ42M/ref=sr_1_32_f3_0o_fs?keywords=dog+food&qid=1660589953&sr=8-32,4.5 out of 5 stars,245,£9.00
"Primal Grain Free Dry Dog Food By Pooch & Mutt, Lamb And Ostrich Flavour, 1.5Kg",Sponsored,/gp/slredirect/picassoRedirect.html/ref=pa_sp_mtf_aps_sr_pg1_1?ie=UTF8&adId=A0660964NG5DA9F17LUF&url=%2FPrimal-Pooch-Mutt-Ostrich-Flavour%2Fdp%2FB009F0D0ZI%2Fref%3Dsr_1_33_sspa%3Fkeywords%3Ddog%2Bfood%26qid%3D1660589953%26sr%3D8-33-spons%26psc%3D1&qualifier=1660589953&id=5801287720741961&widgetName=sp_mtf,4.2 out of 5 stars,10,£15.99
"Bakers Adult Dry Dog Food Beef and Veg 14 kg, Packaging May Vary",Sponsored,/gp/slredirect/picassoRedirect.html/ref=pa_sp_mtf_aps_sr_pg1_1?ie=UTF8&adId=A050455510J8UKRVNLIXI&url=%2FBakers-Adult-Food-Beef-14kg%2Fdp%2FB002SPRZQW%2Fref%3Dsr_1_34_sspa%3Fkeywords%3Ddog%2Bfood%26qid%3D1660589953%26rdc%3D1%26sr%3D8-34-spons%26psc%3D1&qualifier=1660589953&id=5801287720741961&widgetName=sp_mtf,4.7 out of 5 stars,"9,608",
Harringtons Complete Dry Dog Food Lamb & Rice 18kg - Made with All Natural Ingredients,Sponsored,/gp/slredirect/picassoRedirect.html/ref=pa_sp_mtf_aps_sr_pg1_1?ie=UTF8&adId=A0843215ZQ0DLW3Q2KY1&url=%2FHarringtons-Lamb-Rice-18-kg%2Fdp%2FB07YRY8C91%2Fref%3Dsr_1_35_sspa%3Fkeywords%3Ddog%2Bfood%26qid%3D1660589953%26rdc%3D1%26sr%3D8-35-spons%26psc%3D1&qualifier=1660589953&id=5801287720741961&widgetName=sp_mtf,4.6 out of 5 stars,"11,182",
"Mr. Chow's Treats - 350g Natural Peanut Butter for Dogs - 100% Roasted Peanuts - Free from Added Sugar, Salt & Palm Oil",Sponsored,/gp/slredirect/picassoRedirect.html/ref=pa_sp_mtf_aps_sr_pg1_1?ie=UTF8&adId=A0887133247QDAEJ03E82&url=%2FMr-Chows-Treats-Natural-Roasted%2Fdp%2FB09QT6MTGD%2Fref%3Dsr_1_36_sspa%3Fkeywords%3Ddog%2Bfood%26qid%3D1660589953%26sr%3D8-36-spons%26psc%3D1&qualifier=1660589953&id=5801287720741961&widgetName=sp_mtf,3.0 out of 5 stars,6,£5.99
"ROYAL CANIN An Allergenic Dog Food, 8 kg",,/ROYAL-CANIN-Allergenic-Dog-Food/dp/B006YQRW8W/ref=sr_1_37?keywords=dog+food&qid=1660589953&sr=8-37,4.6 out of 5 stars,"1,477",£58.99
"Winalot Dog Food, Mixed in Jelly, 40 x 100g",,/Winalot-Mixed-Jelly-Dog-Food/dp/B08BL81STZ/ref=sr_1_38_f3_0o_morri?keywords=dog+food&qid=1660589953&sr=8-38,4.7 out of 5 stars,284,
"Winalot Dog Food Mixed in Gravy, 40 x 100g",,/Winalot-PURINA-Perfect-Portions-Adult/dp/B07MXSL687/ref=sr_1_39_f3_0o_morri?keywords=dog+food&qid=1660589953&sr=8-39,4.6 out of 5 stars,"1,440",
"Harringtons Lamb & Rice Dry Adult Dog Food, 2kg",,/Harringtons-Complete-Food-Rich-Lamb/dp/B003ZGCKP4/ref=sr_1_40_f3_0o_fs?keywords=dog+food&qid=1660589953&sr=8-40,4.7 out of 5 stars,350,£4.50
"Barking Heads Low-Calorie Dry Dog Food - Fat Dog Slim - 100% Natural, Free-Run Chicken with No Artificial Flavours, Low Fat Recipe, Good for Joint Health, 12 kg",,/Barking-Heads-Low-Calorie-Dry-Food/dp/B00481GGU0/ref=sr_1_41?keywords=dog+food&qid=1660589953&sr=8-41,4.6 out of 5 stars,"4,298",
"Morrisons Dog Food Meat Chunks In Jelly, 4.8 g",,/Morrisons-Food-Meat-Chunks-Jelly/dp/B08KPZPX97/ref=sr_1_42_f3_0o_morri?keywords=dog+food&qid=1660589953&sr=8-42,4.3 out of 5 stars,9,£8.65
"Morrisons Adult Dog Chunks in Gravy with Beef and Vegetables, 1.2kg",,/Morrisons-Adult-Chunks-Gravy-Vegetables/dp/B01F02DMKM/ref=sr_1_43_f3_0o_morri?keywords=dog+food&qid=1660589953&sr=8-43,4.1 out of 5 stars,74,£1.75
Harringtons Complete Senior Dry Dog Food Rich in Chicken & Rice 15kg,,/Harringtons-Complete-Senior-Food-Chicken/dp/B08H94ZZ3P/ref=sr_1_44?keywords=dog+food&qid=1660589953&rdc=1&sr=8-44,4.7 out of 5 stars,"1,288",£33.68
"Arden Grange Adult Dry Dog Food Light with Fresh Chicken and Rice, 12 kg",,/Arden-Grange-Light-Chicken-Adult/dp/B009GDY9SQ/ref=sr_1_45?keywords=dog+food&qid=1660589953&sr=8-45,4.7 out of 5 stars,"1,945",
"James Wellbeloved Complete Hypoallergenic Adult Dry Dog Food Made With 100% Natural Ingredients, One Source of Animal Protein (Lamb) and Rice, 15 kg ( Packaging May Vary )",,/James-Wellbeloved-Food-Adult-Kibble/dp/B002VJR58I/ref=sr_1_46?keywords=dog+food&qid=1660589953&sr=8-46,4.8 out of 5 stars,"3,232",£51.99
Pedigree Dog Tins Meat Jumbo Pack Jelly 24 x 385g,,/Pedigree-Tins-Meat-Jumbo-Jelly/dp/B01IR833GY/ref=sr_1_47?keywords=dog+food&qid=1660589953&sr=8-47,4.7 out of 5 stars,243,£23.49
"Morrisons Dog Food Lamb Pate, 150 g",,/Morrisons-Dog-Food-Lamb-Pate/dp/B08KPWPH5B/ref=sr_1_48_f3_0o_morri?keywords=dog+food&qid=1660589953&sr=8-48,4.3 out of 5 stars,25,£0.45
WINALOTSmall Dog Food Pouches Mixed in Gravy 40x100g,,/WINALOTSmall-Pouches-Mixed-Gravy-40x100g/dp/B09PF1NGTG/ref=sr_1_49?keywords=dog+food&qid=1660589953&rdc=1&sr=8-49,4.6 out of 5 stars,44,£15.10
Eden Dog Food 80/20 Original Medium Kibble 12kg,,/Eden-Food-Original-Medium-Kibble/dp/B00WJK1E2M/ref=sr_1_50?keywords=dog+food&qid=1660589953&sr=8-50,4.7 out of 5 stars,235,
Butcher's Traditional Recipes Dog Food Trays 24x150g,,/Butchers-Tray-Traditional-Recipes-24x150g/dp/B07MM26ZW5/ref=sr_1_51?keywords=dog+food&qid=1660589953&sr=8-51,4.6 out of 5 stars,"1,125",
Lily's Kitchen Organic Dinners Trays Multipack Complete Wet Dog Food (10x150g),,/Lilys-Kitchen-Organic-Dinners-Multipack/dp/B09HLN2XTK/ref=sr_1_52?keywords=dog+food&qid=1660589953&sr=8-52,4.5 out of 5 stars,26,£14.95
Royal Canin Mini Adult Breeds Dry Dog Food 8kg,,/Maltbys-Stores-1904-Limited-Nutrition/dp/B07NRS7H2P/ref=sr_1_53?keywords=dog+food&qid=1660589953&sr=8-53,4.8 out of 5 stars,333,£40.71
"Skinner’s Field & Trial Grain Free Chicken & Sweet Potato 15kg – Complete Dry Adult Dog Food, For Dogs with Intolerance to Grains",,/Skinners-Field-Trial-Chicken-Potato/dp/B07DCNWL6R/ref=sr_1_54?keywords=dog+food&qid=1660589953&sr=8-54,4.6 out of 5 stars,351,
"BUTCHER'S Traditional Recipes Dog Food Trays, 1800 g",,/Butchers-Traditional-Recipes-Food-Trays/dp/B07HLFJP9V/ref=sr_1_55_f3_0o_morri?keywords=dog+food&qid=1660589953&sr=8-55,4.6 out of 5 stars,223,
Royal Canin Veterinary Satiety Support Small Dog Food 3kg,,/Royal-Canin-Veterinary-Satiety-Support/dp/B07CV2KJMV/ref=sr_1_56?keywords=dog+food&qid=1660589953&sr=8-56,4.8 out of 5 stars,380,£29.48
"Harringtons Grain Free Hypoallergenic Wet Dog Food Variety Pack 16x400g - Chicken, Beef, Turkey & Salmon - All Natural Ingredients",,/Harringtons-Mixed-Variety-Multipack-16x400g/dp/B0988FJXJ6/ref=sr_1_57?keywords=dog+food&qid=1660589953&rdc=1&sr=8-57,4.5 out of 5 stars,"3,303",£24.00
"Arden Grange Sensitive Adult Dry Dog Food Grain Free, Fresh Ocean White Fish and Potato, 12 kg",,/Arden-Grange-Adult-Sensitive-Complete/dp/B07J6BSLCH/ref=sr_1_58?keywords=dog+food&qid=1660589953&sr=8-58,4.7 out of 5 stars,"1,481",
"Arden Grange Senior Dry Dog Food with Fresh Chicken and Rice, 12 kg",,/Arden-Grange-Senior-Food-12kg/dp/B009GDY9DQ/ref=sr_1_59?keywords=dog+food&qid=1660589953&sr=8-59,4.8 out of 5 stars,"1,716",
"Amazon Brand - Lifelong Complete Dry Dog Food, Chicken and Rices, 3Kg, for Small Breed",,/gp/slredirect/picassoRedirect.html/ref=pa_sp_btf_aps_sr_pg1_1?ie=UTF8&adId=A08056682HX2V2HC3D10P&url=%2FAmazon-Brand-Lifelong-Complete-Chicken%2Fdp%2FB07HXHPB9H%2Fref%3Dsr_1_60_sspa%3Fkeywords%3Ddog%2Bfood%26qid%3D1660589953%26rdc%3D1%26sr%3D8-60-spons%26psc%3D1&qualifier=1660589953&id=5801287720741961&widgetName=sp_btf,4.5 out of 5 stars,"1,689",£20.52
VIPA CAR PARTS Universal Magnetic Phone Holder. Vent mounted. 360° Rotation. Fits all Smart phones. Strong and durable with 2 strong magnets. Shake proof.,Sponsored,/gp/slredirect/picassoRedirect.html/ref=pa_sp_atf_aps_sr_pg1_1?ie=UTF8&adId=A0701403OXLOT7KZ8PNL&url=%2FVIPA-CAR-PARTS-Universal-Rotation%2Fdp%2FB09C6LNN4L%2Fref%3Dsr_1_1_sspa%3Fkeywords%3Dcar%2Bparts%26qid%3D1660589953%26sr%3D8-1-spons%26psc%3D1%26smid%3DA21ZQNE37OOTN3&qualifier=1660589953&id=5610698381111182&widgetName=sp_atf,3.4 out of 5 stars,23,£14.99
EVAQ8 Advanced Car Safety Kit with Extinguisher and Torch UK Standard Parts,Sponsored,/gp/slredirect/picassoRedirect.html/ref=pa_sp_atf_aps_sr_pg1_1?ie=UTF8&adId=A05513633RT4NXX6KXAK7&url=%2FEVAQ8-Advanced-Safety-Extinguisher-Torch%2Fdp%2FB00K6M37O8%2Fref%3Dsr_1_2_sspa%3Fkeywords%3Dcar%2Bparts%26qid%3D1660589953%26sr%3D8-2-spons%26psc%3D1&qualifier=1660589953&id=5610698381111182&widgetName=sp_atf,4.5 out of 5 stars,157,£41.00
"VIPA CAR PARTS Universal Boot Organiser. Large Storage Capacity, Multiple Compartments. Durable & Washable Fabric. Easy to Assemble. 10 Outer Pockets and Hook & Loop Fastener Lid.",,/VIPA-CAR-PARTS-Organiser-Compartments/dp/B09QMKFK5L/ref=sr_1_3?keywords=car+parts&qid=1660589953&sr=8-3,4.4 out of 5 stars,17,£34.99
"ROBUST CAR PARTS Van Lining Carpet - Various Size 4 Way Stretch Camper Conversion Pliable Trim(Anthracite,2 Metre x 2 Metre +2 Cans)",,/ROBUST-CAR-PARTS-Lining-Carpet/dp/B09MRBJ2GD/ref=sr_1_4?keywords=car+parts&qid=1660589953&sr=8-4,4.6 out of 5 stars,147,£19.89
2x Car Interior Door Handle Connecting Bracket Rod Compatible with VAUXHALL CORSA MK III Compatible with OPEL CORSA D 13297179 13297180 136040 136041 Car Parts Interior Fittings,,/Interior-Connecting-Compatible-VAUXHALL-13297179/dp/B09LCQF6M9/ref=sr_1_5?keywords=car+parts&qid=1660589953&sr=8-5,4.1 out of 5 stars,7,£9.89
T&V Parts 55cm Car Radio Antenna Aerial for Ford Focus 1998-2012 Mk1 & Mk2,,/Parts-Radio-Antenna-Aerial-1998-2012/dp/B0B2JXXMZZ/ref=sr_1_6?keywords=car+parts&qid=1660589953&sr=8-6,,,£8.43
Car Door Sill Protection Strip 7CM*3M 5D Carbon Fiber Car Bumper Protection Strip Can Cut Various Parts Vehicle Scratch-Resistant Carbon Fiber Tape,Sponsored,/gp/slredirect/picassoRedirect.html/ref=pa_sp_mtf_aps_sr_pg1_1?ie=UTF8&adId=A04478872BHAX9KNKM8H1&url=%2FProtection-Carbon-Various-Vehicle-Scratch-Resistant%2Fdp%2FB0B6TSR5PS%2Fref%3Dsr_1_7_sspa%3Fkeywords%3Dcar%2Bparts%26qid%3D1660589953%26sr%3D8-7-spons%26psc%3D1&qualifier=1660589953&id=5610698381111182&widgetName=sp_mtf,5.0 out of 5 stars,1,£10.99
"ILOKNZI Handicap Driving Hand Controls,Car Hand Controls for Disabled Drivers,Car Pedal device Assist Controls,Left or Right Hand Both Available,Length Adjustable",,/ILOKNZI-Handicap-Controls-Available-Adjustable/dp/B08TBYLZ46/ref=sr_1_8?keywords=car+parts&qid=1660589953&sr=8-8,5.0 out of 5 stars,2,£129.99
1 Set of 2 Belt Pillows Car Look CARBON SPARCO Universals,,/Sparco-spc1206cb-Cushions-Passa-Belt/dp/B0777VYB4D/ref=sr_1_9?keywords=car+parts&qid=1660589953&sr=8-9,4.7 out of 5 stars,"4,148",
"Xzbling Refurbishment Agent, 50ml Drying And Aging Car Restorer Care Car Plastic Parts Refurbish Agent, Car Cleaner Automotive Interior Plastic Parts Refurbishment",,/Xzbling-Refurbishment-Restorer-Refurbish-Automotive/dp/B09HTPC8XX/ref=sr_1_10?keywords=car+parts&qid=1660589953&sr=8-10,2.8 out of 5 stars,20,£9.71
"VIGORFLYRUN PARTS LTD Car Radio Bluetooth Player, Mirror Link Autoradio 2 Din 7'' Inch LCD Touch Screen, 7010B Auto Audio Stereo Support FM/MP5/USB/AUX in with Remote Control(with Rear View Camera)",,/VIGORFLYRUN-PARTS-LTD-Bluetooth-Autoradio/dp/B07HF6R35G/ref=sr_1_11?keywords=car+parts&qid=1660589953&sr=8-11,3.0 out of 5 stars,7,£52.90
"AUSDIN Fuse Box, 12 Way Blade Fuse Box Fuses Included LED Warning Indicator Damp-Proof Cover, 12 Circuits Fuse Box W/Negative Bus for 12V/24V Automotive Car Boat Marine SUV RV Van",Sponsored,/gp/slredirect/picassoRedirect.html/ref=pa_sp_mtf_aps_sr_pg1_1?ie=UTF8&adId=A06095211OB7CJDSEPE59&url=%2FAUSDIN-Included-Indicator-Damp-Proof-Automotive%2Fdp%2FB07SGQ3QNR%2Fref%3Dsr_1_12_sspa%3Fkeywords%3Dcar%2Bparts%26qid%3D1660589953%26sr%3D8-12-spons%26psc%3D1&qualifier=1660589953&id=5610698381111182&widgetName=sp_mtf,4.7 out of 5 stars,371,£23.99
"EL Wire Car LED Interior Strip Light, USB Neon Wire Lights with 6mm Sewing Edge - 197 inches Glowing Electroluminescent (EL) Wire, Ambient Lighting Kit Car Decorations Interior (5M/16.5FT, Purple)",,/EL-Wire-LED-Interior-Lights/dp/B09MRYLZ2X/ref=sr_1_13?keywords=car+parts&qid=1660589953&sr=8-13,3.5 out of 5 stars,127,£11.29
"Plastic Parts Refurbish Agent, Plastic Parts Refurbished Agent Car Exterior Restorer, Car Refurbishment Cleaning Agent, Multi-functional Car Restoration Cleaner Automotive Care Detailing Tool (30ML)",,/Refurbished-Refurbishment-Multi-functional-Restoration-Automotive/dp/B09Y8TQNV2/ref=sr_1_14?keywords=car+parts&qid=1660589953&sr=8-14,2.4 out of 5 stars,7,£7.99
Supernic 4Pcs Car Fender Flares 3.5/2.8Inch Universal Car Wheel Mudguards Set Wheel Trims Eyebrow Car Wheel Arch Protectors for Car Jeep Off-road SUV Protection Decoration Parts,,/Supernic-Universal-Protectors-Protection-Decoration/dp/B09BTWRK7Z/ref=sr_1_15?keywords=car+parts&qid=1660589953&sr=8-15,3.2 out of 5 stars,13,£28.59
Compressor Relay Fuse Relay Car Parts for 39794-SDA-A05,,/Compressor-Relay-Fuse-Parts-39794-SDA-A05/dp/B0B5TX5RYN/ref=sr_1_16?keywords=car+parts&qid=1660589953&sr=8-16,,,£6.90
"CXAFQ 2 Pcs Blind Spot Mirrors For Cars, Round With Border, 360°Rotatable, Waterproof, HD Crystal Glass Wide Angle, Convex Sway Adjustable Rear View Mirror, For Universal Cars",Sponsored,/gp/slredirect/picassoRedirect.html/ref=pa_sp_mtf_aps_sr_pg1_1?ie=UTF8&adId=A00114192YGEM3XX3JTY7&url=%2FCXAFQ-360%25C2%25B0Rotatable-Waterproof-Adjustable-Universal%2Fdp%2FB0B3RRD7JW%2Fref%3Dsr_1_17_sspa%3Fkeywords%3Dcar%2Bparts%26qid%3D1660589953%26sr%3D8-17-spons%26psc%3D1&qualifier=1660589953&id=5610698381111182&widgetName=sp_mtf,,,£7.00
2 Pair Car Battery Terminals Converter Post Adaptors Anode Cathode Sleeves Battery Sleeves Car Battery Parts,,/Battery-Terminals-Converter-Adaptors-Cathode/dp/B097ZZ99P8/ref=sr_1_18?keywords=car+parts&qid=1660589953&sr=8-18,3.5 out of 5 stars,9,£3.99
Hacbop Car Universal Adjustable Car Armrest For Rv Motorhome Truck Auto Parts Right,,/Hacbop-Universal-Adjustable-Armrest-Motorhome/dp/B097RPTCB7/ref=sr_1_19?keywords=car+parts&qid=1660589953&sr=8-19,4.3 out of 5 stars,15,£23.83
Air Horn With Compressor Loud Replacement Parts Dual Trumpet Vehicles Electric Lorrys Boat Train Universal Car Truck 12V 24V 110db Speaker sy Install,,/ZSooner-Compressor-Replacement-Vehicles-Universal/dp/B08KWDD6LM/ref=sr_1_20?keywords=car+parts&qid=1660589953&sr=8-20,3.9 out of 5 stars,12,£29.99
Underground Parts Magnetic Grey Wing Mirror Cover Cap Right Driver Side,,/Underground-Parts-Magnetic-Mirror-Driver/dp/B07HJGNS2M/ref=sr_1_21?keywords=car+parts&qid=1660589953&sr=8-21,4.7 out of 5 stars,16,£21.99
Sachs 3000 970 123 Clutch Kit,Sponsored,/gp/slredirect/picassoRedirect.html/ref=pa_sp_btf_aps_sr_pg1_1?ie=UTF8&adId=A00366932RTLZK2LT65W3&url=%2FSACHS-3000-970-123-Clutch%2Fdp%2FB083B7KTSF%2Fref%3Dsr_1_22_sspa%3Fkeywords%3Dcar%2Bparts%26qid%3D1660589953%26sr%3D8-22-spons%26psc%3D1&qualifier=1660589953&id=5610698381111182&widgetName=sp_btf,,,£173.49
5 Pack Running Top Men Casual Crew Neck Shirts Workout Plain Dry Fit Gym Top Moisture Wicking Active Athletic Shirts Short Sleeve Sport Tops,Sponsored,/gp/slredirect/picassoRedirect.html/ref=pa_sp_atf_aps_sr_pg1_1?ie=UTF8&adId=A021602768MKZ559WGX4&url=%2FCimic-Moisture-Athletic-Tops%25EF%25BC%2588510%25EF%25BC%2589-BlackGrayGreenNavyBlue-M%2Fdp%2FB09VJZ3S3Z%2Fref%3Dsr_1_1_sspa%3Fkeywords%3Dgym%2Bclothes%2Bmen%26qid%3D1660589953%26sr%3D8-1-spons%26psc%3D1&qualifier=1660589953&id=8891637661177620&widgetName=sp_atf,4.2 out of 5 stars,"1,021",£32.99
3 Pack Running Shirts Men Dry-Fit Sport Tops for Men Comfort Workout Shirts Moisture Wicking Active Athletic Shirts Short Sleeve Tops,Sponsored,/gp/slredirect/picassoRedirect.html/ref=pa_sp_atf_aps_sr_pg1_1?ie=UTF8&adId=A0331081R983M57VF9TY&url=%2Ffrueo-T-Shirts-Dry-Fit-Moisture-Athletic%2Fdp%2FB08YR76TYF%2Fref%3Dsr_1_2_sspa%3Fkeywords%3Dgym%2Bclothes%2Bmen%26qid%3D1660589953%26sr%3D8-2-spons%26psc%3D1&qualifier=1660589953&id=8891637661177620&widgetName=sp_atf,4.4 out of 5 stars,"1,479",£27.99
Gym Clothes for Men - Gym T-Shirt Bodybuilding Workout T Shirt Training Top MMA Men's Active Wear,Sponsored,/gp/slredirect/picassoRedirect.html/ref=pa_sp_atf_aps_sr_pg1_1?ie=UTF8&adId=A078895816MMRPQ88OPLC&url=%2FGYMTIER-Gym-Clothes-Men-Bodybuilding%2Fdp%2FB089QRQCXY%2Fref%3Dsr_1_3_sspa%3Fkeywords%3Dgym%2Bclothes%2Bmen%26qid%3D1660589953%26sr%3D8-3-spons%26psc%3D1&qualifier=1660589953&id=8891637661177620&widgetName=sp_atf,4.2 out of 5 stars,581,£15.99
"2 Pack Short Sleeve Sports T-Shirts Mens,Compression Clothing Running Shirts Base Layers Top,Fitness Athletic Training Workout Gym Clothes for Men",Sponsored,/gp/slredirect/picassoRedirect.html/ref=pa_sp_atf_aps_sr_pg1_1?ie=UTF8&adId=A0940904UEF897GHOA4Z&url=%2FNiksa-T-Shirts-Compression-Clothing-Athletic%2Fdp%2FB07F3L3WPN%2Fref%3Dsr_1_4_sspa%3Fkeywords%3Dgym%2Bclothes%2Bmen%26qid%3D1660589953%26sr%3D8-4-spons%26psc%3D1&qualifier=1660589953&id=8891637661177620&widgetName=sp_atf,4.4 out of 5 stars,"7,787",
3 Pack T Shirts Men Breathable Sport Shirts Men Cool Dry Running Tops Short Sleeve Gym Tops Athletic for Men,,/HUAKANG-Shirts-Breathable-Running-White-XL/dp/B09QKRP35Y/ref=sr_1_5?keywords=gym+clothes+men&qid=1660589953&sr=8-5,4.5 out of 5 stars,337,£26.99
Men Fitness Workout Clothing Gym Running Compression Pants Shirt Top Long Sleeve Jacket Set,,/Boomcool-Fitness-Workout-Clothing-Compression/dp/B08LDBLSZY/ref=sr_1_6?keywords=gym+clothes+men&qid=1660589953&sr=8-6,4.4 out of 5 stars,"1,230",£36.92
"Men's Tech 2.0 Shortsleeve Light and Breathable Sports T-Shirt, Gym Clothes with Anti-Odour Technology",,/Under-Armour-Short-Sleeve-Graphite-Medium/dp/B0785VMVF4/ref=sr_1_7?keywords=gym+clothes+men&qid=1660589953&sr=8-7,4.6 out of 5 stars,"5,770",
"Men's Tech 2.0 Shortsleeve Light and Breathable Sports T-Shirt, Gym Clothes with Anti-Odour Technology (Pack of 1)",,/Under-Armour-Short-Sleeve-Graphite-X-Large/dp/B0785VV446/ref=sr_1_8?keywords=gym+clothes+men&qid=1660589953&sr=8-8,4.5 out of 5 stars,"37,343",
Mens Running Gym Set Compression Underwear Set Kit Shorts Fitness Base Layers Tights 3/5Pcs Set Sports Compression Cycling Legging Short Top,,/Lachi-Clothes-SportsCompression-Tracksuit-Clothing/dp/B085T37XSZ/ref=sr_1_9?keywords=gym+clothes+men&qid=1660589953&sr=8-9,4.2 out of 5 stars,915,£34.99
Mens Vertex Gym Joggers Sweatpants Tracksuit Jogging Bottoms Running Trousers with Pockets,,/BROKIG-Joggers-Sweatpants-Tracksuit-Trousers/dp/B07JF9BF98/ref=sr_1_10?keywords=gym+clothes+men&qid=1660589953&sr=8-10,4.4 out of 5 stars,"2,557",£27.39
Men's Gym Tank Tops Sports T Shirt Thin Fitness Muscle Vest Sleeveless Hoodies with Pockets,,/Sleeveless-Hoodie-Running-Training-Clothes/dp/B088R688YW/ref=sr_1_11?keywords=gym+clothes+men&qid=1660589953&sr=8-11,4.0 out of 5 stars,"3,180",£17.99
"3 Pcs Mens Fitness Gym Clothing Set,Sports Wear Exercise Clothes Men Activewear,Base Layers Shirts+Loose Fitting Shorts+Compression Pants for Workout Training Running",,/Niksa-Clothing-Exercise-Activewear-Compression/dp/B07K8F8XH4/ref=sr_1_12?keywords=gym+clothes+men&qid=1660589953&sr=8-12,4.3 out of 5 stars,"6,164",
5Pcs Men's Compression Pants Shirt Top Long Sleeve Jacket Set Suit,,/BUYJYA-Workout-Outwear-Compression-Sweat-Wicking/dp/B07BLX617P/ref=sr_1_13?keywords=gym+clothes+men&qid=1660589953&sr=8-13,4.4 out of 5 stars,"6,853",£35.99
"Men's Ua Hg Armour Comp Ss Short-Sleeved Sports t-Shirt for Men, Comfortable and Lightweight Gym Clothes for Workouts (Pack of 1)",,/Under-Armour-short-sleeved-comfortable-lightweight/dp/B0874WWWZN/ref=sr_1_14?keywords=gym+clothes+men&qid=1660589953&sr=8-14,4.4 out of 5 stars,"2,128",
5 Pack: Men's Mesh Athletic Performance Gym Shorts with Pockets (S-3X),,/Real-Essentials-Athletic-Performance-Pockets/dp/B08D2QCQT7/ref=sr_1_15?keywords=gym+clothes+men&qid=1660589953&sr=8-15,4.2 out of 5 stars,"45,135",
Men's Tracksuit Sets Sports Athletic Running Sweatsuits Casual Outfits Set Jogging Football Gym T-Shirts and Shorts 2 Pieces Suits,,/Irdcomps-Tracksuit-Athletic-Sweatsuits-Suits%EF%BC%8CBlack-L/dp/B09Y69S2QP/ref=sr_1_16?keywords=gym+clothes+men&qid=1660589953&sr=8-16,4.6 out of 5 stars,12,
3 Pack T Shirts Men Breathable Sport Shirts Men Cool Dry Running Tops Short Sleeve Gym Tops Athletic for Men,Sponsored,/gp/slredirect/picassoRedirect.html/ref=pa_sp_mtf_aps_sr_pg1_1?ie=UTF8&adId=A00606452RK3QQOCURI6M&url=%2FHUAKANG-Shirts-Breathable-Running-White-M%2Fdp%2FB09QKS5WR4%2Fref%3Dsr_1_17_sspa%3Fkeywords%3Dgym%2Bclothes%2Bmen%26qid%3D1660589953%26sr%3D8-17-spons%26psc%3D1&qualifier=1660589953&id=8891637661177620&widgetName=sp_mtf,4.5 out of 5 stars,337,£26.99
Mens Joggers Lightweight Tracksuit Bottoms Men Stripe Gym Running Trousers,Sponsored,/gp/slredirect/picassoRedirect.html/ref=pa_sp_mtf_aps_sr_pg1_1?ie=UTF8&adId=A01052741MN2U65YAA7GC&url=%2FBROKIG-Joggers-Lightweight-Tracksuit-Trousers%2Fdp%2FB09B768YQ2%2Fref%3Dsr_1_18_sspa%3Fkeywords%3Dgym%2Bclothes%2Bmen%26qid%3D1660589953%26sr%3D8-18-spons%26psc%3D1&qualifier=1660589953&id=8891637661177620&widgetName=sp_mtf,4.5 out of 5 stars,113,£27.29
Mens Joggers Sports Trousers with Seamless Zip Pockets,Sponsored,/gp/slredirect/picassoRedirect.html/ref=pa_sp_mtf_aps_sr_pg1_1?ie=UTF8&adId=A09806892VVMAJAGNMHMB&url=%2FJustSun-Tracksuit-Trousers-Sweatpants-Sportswear%2Fdp%2FB08R79QH7F%2Fref%3Dsr_1_19_sspa%3Fkeywords%3Dgym%2Bclothes%2Bmen%26qid%3D1660589953%26sr%3D8-19-spons%26psc%3D1&qualifier=1660589953&id=8891637661177620&widgetName=sp_mtf,4.3 out of 5 stars,326,£24.99
Mens Shorts 3/4 Length Joggers Summer Gym Running Clothes Casual Cotton Capri Pants Zip Pocket Sweatpants,Sponsored,/gp/slredirect/picassoRedirect.html/ref=pa_sp_mtf_aps_sr_pg1_1?ie=UTF8&adId=A09472441COITB7R4GAZZ&url=%2FEKLENTSON-Clothes-Running-Basketaball-Pockets%2Fdp%2FB0833LFRDV%2Fref%3Dsr_1_20_sspa%3Fkeywords%3Dgym%2Bclothes%2Bmen%26qid%3D1660589953%26sr%3D8-20-spons%26psc%3D1%26smid%3DA3J4TIOYH8KQL6&qualifier=1660589953&id=8891637661177620&widgetName=sp_mtf,4.3 out of 5 stars,545,£21.98
Mens Shorts 3/4 Length Joggers Summer Gym Running Clothes Casual Cotton Capri Pants Zip Pocket Sweatpants,,/EKLENTSON-Clothes-Running-Basketaball-Pockets/dp/B0833LFRDV/ref=sr_1_21?keywords=gym+clothes+men&qid=1660589953&sr=8-21,4.3 out of 5 stars,545,£21.98
Gym T-Shirt | Mens Bodybuilding Training Top Clothing Plain Branded,,/GYMTIER-T-Shirt-Bodybuilding-Training-Clothing/dp/B07WGGSR1V/ref=sr_1_22?keywords=gym+clothes+men&qid=1660589953&sr=8-22,4.3 out of 5 stars,"1,268",£15.99
Mens Gym Running Clothes 5Pcs Set Compression Gym Wear Fitness Clothing Set,,/Superora-Running-Clothes-Compression-Clothing/dp/B08B7SKT1C/ref=sr_1_23?keywords=gym+clothes+men&qid=1660589953&sr=8-23,4.1 out of 5 stars,955,£28.99
5 Pack Running Top Men Casual Crew Neck Shirts Workout Plain Dry Fit Gym Top Moisture Wicking Active Athletic Shirts Short Sleeve Sport Tops,,/Cimic-Moisture-Athletic-Tops%EF%BC%88510%EF%BC%89-BlackGrayGreenNavyBlue-M/dp/B09VJZ3S3Z/ref=sr_1_24?keywords=gym+clothes+men&qid=1660589953&sr=8-24,4.2 out of 5 stars,"1,021",£32.99
Men's Elite Tech Lightweight Running or Gym Training Shorts with Zip Pockets,,/TCA-Elite-Running-Training-Shorts/dp/B019IIBO9U/ref=sr_1_25?keywords=gym+clothes+men&qid=1660589953&sr=8-25,4.3 out of 5 stars,"9,005",£21.99
Mens Joggers Slim Fit Tracksuit Bottoms Zip Pockets,,/Tansozer-Joggers-Tracksuit-Bottoms-Trousers/dp/B07JYNVZ2W/ref=sr_1_26?keywords=gym+clothes+men&qid=1660589953&sr=8-26,4.2 out of 5 stars,"3,756",
Mens Plain T-Shirts 5 Pack Short Sleeve Crew Neck Sport Tees Cotton Workwear Boys Undershirts Gym Running Workout Tshirts for Men,,/Teesmen-T-Shirts-Workwear-Undershirts-Running/dp/B07GWFM4WH/ref=sr_1_27?keywords=gym+clothes+men&qid=1660589953&sr=8-27,4.1 out of 5 stars,"1,742",
Men's Sportstyle Left Chest Short Sleeve Shirt,,/Under-Armour-Sport-Style-Short-Sleeve/dp/B077XPJJ7L/ref=sr_1_28?keywords=gym+clothes+men&qid=1660589953&sr=8-28,4.5 out of 5 stars,"13,739",
"Mens Gym Joggers Sweatpants, Causal Slim Fit Running Trousers Tracksuit Jogging Bottoms with Double Pockets",,/BROKIG-Joggers-Sweatpants-Trousers-Tracksuit/dp/B07K9YNKZ1/ref=sr_1_29?keywords=gym+clothes+men&qid=1660589953&sr=8-29,4.3 out of 5 stars,"2,632",£27.39
"3 Pack Compression Tops for Men Short Sleeve Mens Running Top Mesh Design Quick Dry Base Layer Top for Gym Sports Fitness Workout Cycling,Training",,/Niksa-Compression-Running-Fitness-Cycling/dp/B095JXMN2F/ref=sr_1_30?keywords=gym+clothes+men&qid=1660589953&sr=8-30,4.3 out of 5 stars,735,
3 Pack Running Shirts Men Dry-Fit Sport Tops for Men Comfort Workout Shirts Moisture Wicking Active Athletic Shirts Short Sleeve Tops,,/frueo-T-Shirts-Dry-Fit-Moisture-Athletic/dp/B08YQZVFS7/ref=sr_1_31?keywords=gym+clothes+men&qid=1660589953&sr=8-31,4.4 out of 5 stars,"1,479",£29.99
Men's Long Sleeve UPF 50+ Baselayer Skins Performance Fit Compression Rash Guard-CLYYB,,/LAFROI-Baselayer-Performance-Compression-Guard-CLYYB/dp/B08LCW2TX5/ref=sr_1_32?keywords=gym+clothes+men&qid=1660589953&sr=8-32,4.6 out of 5 stars,"3,535",
Mens Joggers Slim Fit Jogging Bottoms Zip Pockets,Sponsored,/gp/slredirect/picassoRedirect.html/ref=pa_sp_mtf_aps_sr_pg1_1?ie=UTF8&adId=A02630391PICLQ6ZX6R3O&url=%2FTansozer-Joggers-Jogging-Tracksuit-Trousers%2Fdp%2FB07MLQVWJ9%2Fref%3Dsr_1_33_sspa%3Fkeywords%3Dgym%2Bclothes%2Bmen%26qid%3D1660589953%26sr%3D8-33-spons%26psc%3D1&qualifier=1660589953&id=8891637661177620&widgetName=sp_mtf,4.3 out of 5 stars,"4,697",
Men's Casual Cotton Linen Short Sleeve Henley Shirt Summer Lightweight Banded Collar Beach Tops,Sponsored,/gp/slredirect/picassoRedirect.html/ref=pa_sp_mtf_aps_sr_pg1_1?ie=UTF8&adId=A03036452CUQFPZWTWER3&url=%2FLucMatton-Casual-Cotton-Lightweight-XX-Large%2Fdp%2FB09QW4QSFV%2Fref%3Dsr_1_34_sspa%3Fkeywords%3Dgym%2Bclothes%2Bmen%26qid%3D1660589953%26sr%3D8-34-spons%26psc%3D1&qualifier=1660589953&id=8891637661177620&widgetName=sp_mtf,4.0 out of 5 stars,619,£28.99
Mens Joggers Slim Fit Tracksuit Bottoms Zip Pockets,Sponsored,/gp/slredirect/picassoRedirect.html/ref=pa_sp_mtf_aps_sr_pg1_1?ie=UTF8&adId=A04381053LAZVGQ3BXUAN&url=%2FTansozer-Joggers-Tracksuit-Bottoms-Trousers%2Fdp%2FB07JR641CS%2Fref%3Dsr_1_35_sspa%3Fkeywords%3Dgym%2Bclothes%2Bmen%26qid%3D1660589953%26sr%3D8-35-spons%26psc%3D1&qualifier=1660589953&id=8891637661177620&widgetName=sp_mtf,4.2 out of 5 stars,"3,756",
Men's Core18 Hoody HOODED SWEAT,,/adidas-Mens-Hoodie-Heather-Black/dp/B076HPV3G6/ref=sr_1_36?keywords=gym+clothes+men&qid=1660589953&sr=8-36,4.6 out of 5 stars,"47,593",
Under Armour Men’s Tech 2.0 ½ Zip Long Sleeve,,/Under-Armour-Jogging-Breathable-Charcoal/dp/B078141ML8/ref=sr_1_37?keywords=gym+clothes+men&qid=1660589953&sr=8-37,4.6 out of 5 stars,"1,353",
Under Armour Men’s Tech 2.0 ½ Zip Long Sleeve,,/Under-Armour-Jogging-Versatile-Breathable/dp/B07J3278KH/ref=sr_1_38?keywords=gym+clothes+men&qid=1660589953&sr=8-38,4.4 out of 5 stars,279,
"Tech 2.0 1/2 Zip, Men's Versatile Warm Up Tank Top",,/Under-Armour-Mens-Pitch-Black/dp/B07CZMDLVT/ref=sr_1_39?keywords=gym+clothes+men&qid=1660589953&sr=8-39,4.5 out of 5 stars,"5,185",
"Men's Tech 2.0 1/2 Zip Versatile Warm Up Top for Men, Light and Breathable Zip Up Top for Working Out (Pack of 1)",,/Under-Armour-Warm-up-Academy-Steel/dp/B07815RDHC/ref=sr_1_40?keywords=gym+clothes+men&qid=1660589953&sr=8-40,4.7 out of 5 stars,"3,574",
Mens Athletic Training Gym Vest Tank Top,,/Nike-Swoosh-Sleeveless-Cotton-823645/dp/B01HDENCUU/ref=sr_1_41?keywords=gym+clothes+men&qid=1660589953&sr=8-41,4.4 out of 5 stars,50,£27.95
"Raid 2.0 Shorts, Ultralight & Fast-Drying Workout Shorts for Men, Loose Sports Shorts with 4-Way Stretch Fabric, Ultra Comfortable Gym Shorts Men",,/Under-Armour-Mens-Shorts-Black/dp/B0874WK92G/ref=sr_1_42?keywords=gym+clothes+men&qid=1660589953&sr=8-42,4.3 out of 5 stars,"3,386",
Men's Tech Graphic Shorts Shorts,,/Under-Armour-Graphic-Shorts-Black/dp/B093LW3WHD/ref=sr_1_43?keywords=gym+clothes+men&qid=1660589953&sr=8-43,4.6 out of 5 stars,62,
Men's Workout Sleeveless Hoodies Athletic Training Cotton Gym Hooded Tank Tops Sports Bodybuilding Fitness Muscle T Shirts,,/Workout-Sleeveless-Athletic-Training-Bodybuilding/dp/B092ZXKBZD/ref=sr_1_44?keywords=gym+clothes+men&qid=1660589953&sr=8-44,4.2 out of 5 stars,71,£13.85
Mens Lightweight Tracksuit Bottoms Elastic Sports Trousers Gym Running Joggers,,/BROKIG-Lightweight-Tracksuit-Bottoms-Trousers/dp/B08LFYQNHP/ref=sr_1_45?keywords=gym+clothes+men&qid=1660589953&sr=8-45,4.3 out of 5 stars,631,
"Speed Stride Woven Men's Gym Shorts, Sport and Running Shorts Made of Breathable Fabric, Tight-Cut Workout Shorts",,/Under-Armour-Stride-Reflective-Medium/dp/B07RF1GX33/ref=sr_1_46?keywords=gym+clothes+men&qid=1660589953&sr=8-46,4.7 out of 5 stars,109,
WRU Gym Tank Adults,,/Under-Armour-WRU-Tank-Adults/dp/B07VPRDRLM/ref=sr_1_47?keywords=gym+clothes+men&qid=1660589953&sr=8-47,3.9 out of 5 stars,3,£29.99
"Core Run Short Sleeve, Men",,/New-Balance-Short-Sleeve-Mediumen/dp/B08R92Z39J/ref=sr_1_48?keywords=gym+clothes+men&qid=1660589953&sr=8-48,4.6 out of 5 stars,391,
Mens Running Shorts Gym Workout Athletic Training Compression Underwear Liner with Zipper Pocket,,/HOPLYNN-Athletic-Training-Compression-Underwear/dp/B089DZWLJS/ref=sr_1_49?keywords=gym+clothes+men&qid=1660589953&sr=8-49,4.3 out of 5 stars,430,£16.99
"Tech Graphic Short, Running Shorts Made of Breathable Material, Workout Shorts with Ultra-light Design Men",,/Under-Armour-Graphic-Short-Academy/dp/B077XQ5QM7/ref=sr_1_50?keywords=gym+clothes+men&qid=1660589953&sr=8-50,4.5 out of 5 stars,"37,393",
Mens Joggers Lightweight Tracksuit Bottoms Men Stripe Gym Running Trousers,,/BROKIG-Joggers-Lightweight-Tracksuit-Trousers/dp/B09B767WLY/ref=sr_1_51?keywords=gym+clothes+men&qid=1660589953&sr=8-51,4.5 out of 5 stars,113,£27.29
"Men UA HG Armour Comp SL, Cooling & Breathable Tank Top for Men, Gym Vest with Anti-Odour Material",,/Under-Armour-Breathable-Comfortable-1361522-410/dp/B0872MKZP4/ref=sr_1_52?keywords=gym+clothes+men&qid=1660589953&sr=8-52,4.5 out of 5 stars,102,£19.90
Men's Tracksuit Sets Bottoms Full Zip Casual Jogging Gym Suit Jacket with Pockets,,/MANLUODANNI-Tracksuit-Bottoms-Jogging-Pockets/dp/B07ZSZ6BNC/ref=sr_1_53?keywords=gym+clothes+men&qid=1660589953&sr=8-53,3.7 out of 5 stars,42,£29.98
"Men's Ua Rival Terry Short Running Shorts Crafted with Super-Soft Fabric, Casual Workout Shorts with Pockets",,/Under-Armour-Running-Crafted-Super-Soft/dp/B0872MFG8Y/ref=sr_1_54?keywords=gym+clothes+men&qid=1660589953&sr=8-54,4.4 out of 5 stars,704,
Men's M Nk Dry Park Iii Short Nb K Shorts,,/Nike-Park-Short-Sport-Shorts/dp/B07W5XYSSJ/ref=sr_1_55?keywords=gym+clothes+men&qid=1660589953&sr=8-55,4.4 out of 5 stars,"3,046",£13.59
Gym Clothes for Men - Gym T-Shirt Bodybuilding Workout T Shirt Training Top MMA Men's Active Wear,,/GYMTIER-Gym-Clothes-Men-Bodybuilding/dp/B089QR6YTQ/ref=sr_1_56?keywords=gym+clothes+men&qid=1660589953&sr=8-56,4.2 out of 5 stars,581,£15.99
"UA Tech Mesh Short, Men's Gym Shorts With Complete Ventilation, Versatile Sports Shorts for Training, Running and Working Out Men",,/Under-Armour-Complete-Ventilation-Versatile/dp/B07CZCCGY8/ref=sr_1_57?keywords=gym+clothes+men&qid=1660589953&sr=8-57,4.5 out of 5 stars,"4,042",£26.00
Spartan Helmet Hex Camo - Spartan Gym T-Shirt for Men Bodybuilding Weighlifting Strongman Training Top Active Wear Spartan Forged,,/GYMTIER-Spartan-Helmet-Hex-Camo/dp/B09L1N6QFD/ref=sr_1_58?keywords=gym+clothes+men&qid=1660589953&sr=8-58,4.1 out of 5 stars,205,£15.99
"Men’s Compression Underwear Set, Quick Dry Sports T Shirt, Gym Leggings for Running Cycling, Base Layers Tights with Loose Fitting Shorts",,/MEETEU-Compression-Underwear-Leggings-Running/dp/B07RQ4P7G7/ref=sr_1_59?keywords=gym+clothes+men&qid=1660589953&sr=8-59,4.5 out of 5 stars,"1,112",
Mens Shorts Casual Sports Joggers Shorts with Elastic Waist Zipper Pockets,Sponsored,/gp/slredirect/picassoRedirect.html/ref=pa_sp_btf_aps_sr_pg1_1?ie=UTF8&adId=A03207832DDNV0VWTIAWR&url=%2FJustSun-Shorts-Joggers-Elastic-Pockets%2Fdp%2FB07RSPDKYX%2Fref%3Dsr_1_60_sspa%3Fkeywords%3Dgym%2Bclothes%2Bmen%26qid%3D1660589953%26sr%3D8-60-spons%26psc%3D1&qualifier=1660589953&id=8891637661177620&widgetName=sp_btf,4.5 out of 5 stars,"5,728",£21.99
